<?xml version="1.0" encoding="UTF-8" standalone="yes"?>
<AssignMessage async="false" continueOnError="false" enabled="true" name="AM-Invalid-API-Key">
    <DisplayName>AM-Invalid-API-Key</DisplayName>
    <Properties/>
    <AssignVariable>
        <Name>flow.fault.error.code</Name>
        <Value>401.000.001</Value>
    </AssignVariable>
    <AssignVariable>
        <Name>flow.fault.error.message</Name>
        <Value>Innvalid API key</Value>
    </AssignVariable>
    <AssignVariable>
        <Name>flow.fault.error.status</Name>
        <Value>401</Value>
    </AssignVariable>
    <AssignVariable>
        <Name>flow.fault.error.reason</Name>
        <Value>Invalid API Key</Value>
    </AssignVariable>
    <IgnoreUnresolvedVariables>true</IgnoreUnresolvedVariables>
    <AssignTo createNew="false" transport="http" type="request"/>
</AssignMessage>