<?xml version="1.0" encoding="UTF-8" standalone="yes"?>
<AssignMessage async="false" continueOnError="false" enabled="true" name="AM-Target-Server-Error">
    <DisplayName>AM-Target-Server-Error</DisplayName>
    <Properties/>
    <AssignVariable>
        <Name>flow.fault.error.code</Name>
        <Value>500.000.001</Value>
    </AssignVariable>
    <AssignVariable>
        <Name>flow.fault.error.message</Name>
        <Value>Internal Server Error</Value>
    </AssignVariable>
    <AssignVariable>
        <Name>flow.fault.error.status</Name>
        <Value>500</Value>
    </AssignVariable>
    <AssignVariable>
        <Name>flow.fault.error.reason</Name>
        <Value>Internal Server Error</Value>
    </AssignVariable>
    <IgnoreUnresolvedVariables>true</IgnoreUnresolvedVariables>
    <AssignTo createNew="false" transport="http" type="request"/>
</AssignMessage>