<?xml version="1.0" encoding="UTF-8" standalone="yes"?>
<SharedFlowBundle revision="1" name="CommonErrors">
    <ConfigurationVersion majorVersion="4" minorVersion="0"/>
    <CreatedAt>1598526988041</CreatedAt>
    <CreatedBy>saleh-jaz1@hotmail.com</CreatedBy>
    <Description>undefined</Description>
    <DisplayName>CommonErrors</DisplayName>
    <LastModifiedAt>1598528641043</LastModifiedAt>
    <LastModifiedBy>saleh-jaz1@hotmail.com</LastModifiedBy>
    <ManifestVersion>SHA-512:365d56e4671bb3c8e37f4b4eb100e8e768352065eaee25f82f97288743d6637e490cf6b7d987d1f46851012395631b6fe730c25c7479b032993814bb92816c2d</ManifestVersion>
    <Policies>
        <Policy>AM-Invalid-API-Key</Policy>
        <Policy>AM-Target-Server-Error</Policy>
    </Policies>
    <Resources/>
    <Spec></Spec>
    <subType>SharedFlow</subType>
    <SharedFlows>
        <SharedFlow>default</SharedFlow>
    </SharedFlows>
</SharedFlowBundle>
