<?xml version="1.0" encoding="UTF-8" standalone="yes"?>
<Manifest name="manifest">
    <Policies>
        <VersionInfo resourceName="AM-Invalid-API-Key" version="SHA-512:4bc1c10f8f458192cb4fb6720c4823d4e7e0288be7adb72cf464db63d8026af668187a3c16961d8ece81ece6d2b084db168238c911c6feb5aa008e2a55add2c1"/>
        <VersionInfo resourceName="AM-Target-Server-Error" version="SHA-512:0e1d0b6a60bf3fc2d270fa3519df7cd71a53721d131baeabcb82a0195a74880671813b69d1493c4c95a1a1caff171db00b402611ac274319991fc5754f498515"/>
    </Policies>
    <ProxyEndpoints/>
    <Resources/>
    <SharedFlows>
        <VersionInfo resourceName="default" version="SHA-512:f35cb19d1112252964ab23466b3a6d71926cbe3695cc462f8cbbe9140451347ff4c9cdd5259943defea5902579a61288968190988166abdcfd126f561648014f"/>
    </SharedFlows>
    <TargetEndpoints/>
</Manifest>
